{"cameraMode":{"drawMode":0,"name":"Shaded","section":"Shading Mode"},"sceneLighting":true,"audioPlay":false,"sceneViewState":{"showFog":true,"showMaterialUpdate":true,"showSkybox":false,"showFlares":true,"showImageEffects":true,"showParticleSystems":true},"in2DMode":false,"pivot":{"x":-114.71415710449219,"y":11.074323654174805,"z":73.55931091308594},"rotation":{"x":-0.1887236088514328,"y":-0.15600401163101197,"z":0.030306940898299218,"w":-0.9691622257232666},"size":230.0185089111328,"orthographic":false}