{"cameraMode":{"drawMode":0,"name":"Shaded","section":"Shading Mode"},"sceneLighting":true,"audioPlay":false,"sceneViewState":{"showFog":true,"showMaterialUpdate":true,"showSkybox":true,"showFlares":true,"showImageEffects":true,"showParticleSystems":true},"in2DMode":false,"pivot":{"x":-308.9337463378906,"y":74.7476806640625,"z":568.4837036132813},"rotation":{"x":0.11357088387012482,"y":-0.7691672444343567,"z":0.14260222017765046,"w":0.6126332879066467},"size":243.95419311523438,"orthographic":false}