{"cameraMode":{"drawMode":0,"name":"Shaded","section":"Shading Mode"},"sceneLighting":false,"audioPlay":false,"sceneViewState":{"showFog":true,"showMaterialUpdate":true,"showSkybox":false,"showFlares":true,"showImageEffects":true,"showParticleSystems":true},"in2DMode":false,"pivot":{"x":-266.554931640625,"y":61.10505676269531,"z":224.3838348388672},"rotation":{"x":0.00370959984138608,"y":0.9962655901908875,"z":-0.06465817987918854,"w":0.05714923515915871},"size":43.488197326660159,"orthographic":false}