{"cameraMode":{"drawMode":0,"name":"Shaded","section":"Shading Mode"},"sceneLighting":true,"audioPlay":false,"sceneViewState":{"showFog":true,"showMaterialUpdate":true,"showSkybox":false,"showFlares":true,"showImageEffects":true,"showParticleSystems":true},"in2DMode":false,"pivot":{"x":-269.01776123046877,"y":72.32708740234375,"z":227.48837280273438},"rotation":{"x":-0.03295984864234924,"y":0.9629148244857788,"z":-0.13845588266849519,"w":-0.22922064363956452},"size":263.1726989746094,"orthographic":false}